<?xml version='1.0'?>
<home version='7400' exportFlags='17' name='KDC Health Pharmacy.sh3d' camera='observerCamera' wallHeight='250.0'>
  <environment groundColor='00A8A8A8' skyColor='00CCE4FC' lightColor='00D0D0D0'>
    <observerCamera attribute='cameraPath' id='observerCamera-002c555a-b94c-4197-99a0-251741507f87' lens='PINHOLE' x='293.50278' y='1554.6884' z='170.0' yaw='8.904574' pitch='0.04634965' fieldOfView='1.0995575' time='1741780800000'/>
    <observerCamera attribute='cameraPath' id='observerCamera-f00b49f3-b0b7-48ae-8105-c460989d89b9' lens='PINHOLE' x='38.569553' y='900.81464' z='170.0' yaw='9.054858' pitch='0.07134964' fieldOfView='1.0995575' time='1741780800000'/>
    <observerCamera attribute='cameraPath' id='observerCamera-159e5db0-bb2f-497e-a50b-f2dc71bc1f5f' lens='PINHOLE' x='-61.433044' y='533.6672' z='170.0' yaw='9.259861' pitch='0.16634965' fieldOfView='1.0995575' time='1741780800000'/>
    <observerCamera attribute='cameraPath' id='observerCamera-4479011d-d0a9-4486-b909-14cd6e5ce8c9' lens='PINHOLE' x='-44.63533' y='404.76862' z='170.0' yaw='10.292898' pitch='-0.008650358' fieldOfView='1.0995575' time='1741780800000'/>
    <observerCamera attribute='cameraPath' id='observerCamera-470b72c5-2ee6-49c1-b83c-33d4c4ccb58b' lens='PINHOLE' x='-0.5139818' y='377.24933' z='170.0' yaw='10.692903' pitch='0.23134963' fieldOfView='1.0995575' time='1741780800000'/>
    <observerCamera attribute='cameraPath' id='observerCamera-e0f661fd-9692-486b-86e0-6523f0063fc3' lens='PINHOLE' x='-0.5139818' y='377.24933' z='170.0' yaw='11.822909' pitch='0.20134962' fieldOfView='1.0995575' time='1741780800000'/>
    <observerCamera attribute='cameraPath' id='observerCamera-806faddf-63bb-4d93-b9a5-233ff1bd8e62' lens='PINHOLE' x='4.9325027' y='380.79697' z='170.0' yaw='11.054312' pitch='0.92634964' fieldOfView='1.0995575' time='1741780800000'/>
    <observerCamera attribute='cameraPath' id='observerCamera-b6e39ad3-7dbe-42a1-9e11-a9666e205923' lens='PINHOLE' x='41.40181' y='372.3028' z='170.0' yaw='12.074596' pitch='0.2363498' fieldOfView='1.0995575' time='1741780800000'/>
    <observerCamera attribute='cameraPath' id='observerCamera-cc16c17c-d0b5-4c36-bba8-f6c93e459ef4' lens='PINHOLE' x='141.25647' y='388.3169' z='170.0' yaw='13.1496' pitch='0.43634972' fieldOfView='1.0995575' time='1741780800000'/>
    <observerCamera attribute='cameraPath' id='observerCamera-c21085fb-8b8a-4911-9aca-3e6778fddcba' lens='PINHOLE' x='141.87239' y='492.19348' z='170.0' yaw='15.5845995' pitch='-0.24865025' fieldOfView='1.0995575' time='1741780800000'/>
    <observerCamera attribute='cameraPath' id='observerCamera-2653b6bc-762f-40d7-95d6-f14ab641e18b' lens='PINHOLE' x='101.37979' y='459.5692' z='170.0' yaw='18.059319' pitch='0.7013497' fieldOfView='1.0995575' time='1741780800000'/>
    <observerCamera attribute='cameraPath' id='observerCamera-2f34fde9-af94-463e-b00a-33e943cd6da0' lens='PINHOLE' x='161.71211' y='952.16925' z='170.0' yaw='21.709324' pitch='0.08635003' fieldOfView='1.0995575' time='1741780800000'/>
    <texture attribute='groundTexture' name='Grass' creator='Ola-Kristian Hoff' catalogId='OlaKristianHoff#grass3' width='100.0' height='100.0' image='0'/>
  </environment>
  <observerCamera attribute='observerCamera' lens='PINHOLE' x='161.71211' y='952.16925' z='170.0' yaw='21.709324' pitch='0.086350024' fieldOfView='1.0995575' time='1741780800000'/>
  <camera attribute='topCamera' lens='PINHOLE' x='226.26224' y='1021.98364' z='636.95' yaw='27.890606' pitch='0.6599998' fieldOfView='1.0995575' time='1741780800000'/>
  <camera attribute='storedCamera' id='camera-55fd4003-eadb-4a96-ab02-cd7b04257d20' name='3/12/25 10:34:29 AM' lens='PINHOLE' x='282.64963' y='1400.5731' z='518.7452' yaw='-22.283878' pitch='0.34500012' fieldOfView='1.0995575' time='1741780800000'/>
  <observerCamera attribute='storedCamera' id='observerCamera-66718baf-56e7-4a46-a64b-8c4c6b9029ea' name='3/12/25 9:12:26 AM' lens='PINHOLE' x='106.51898' y='1540.8715' z='170.0' yaw='3.2474942' pitch='0.04134957' fieldOfView='1.0995575' time='1741780800000'/>
  <doorOrWindow catalogId='eTeks#door' name='Door' creator='eTeks' model='2' x='2.101389' y='347.73355' angle='4.712389' width='91.5' depth='14.500751' height='208.5' modelMirrored='true' modelSize='14086' movable='false' cutOutShape='M0,0 v1 h1 v-1 z' wallCutOutOnBothSides='true'/>
  <doorOrWindow catalogId='OlaKristianHoff#window_shop' name='Shop window' creator='Ola-Kristian Hoff' model='4/window_shop.obj' x='80.11398' y='602.60657' elevation='72.0' angle='1.7484555E-7' width='128.0' depth='7.50075' height='137.0' color='FFFFFFFF' modelSize='3510' movable='false' cutOutShape='M0,0 v1 h1 v-1 z' wallCutOutOnBothSides='true'/>
  <doorOrWindow catalogId='Scopia#window_2x1_with_sliders' name='Sliding glass window' creator='Scopia' model='6/window_2x1_with_sliders.obj' x='81.01837' y='602.60657' elevation='72.0' angle='1.7484555E-7' width='124.0' depth='7.50075' height='45.0' modelSize='18813' movable='false' cutOutShape='M0,0 v1 h1 v-1 z' wallCutOutOnBothSides='true'/>
  <pieceOfFurniture catalogId='NMi#stainlessSteelShelf' name='Outside Wooden Plank' creator='N Mi' model='8/stainlessSteelShelf.obj' x='80.44879' y='615.35693' elevation='63.0' angle='1.7484555E-7' width='128.0' depth='18.0' height='10.0' color='FFFFFCFC' modelSize='107727'/>
  <shelfUnit catalogId='Kator Legaz#utility-shelving' name='Shelves' creator='Kator Legaz' model='10/utility-shelving.obj' x='18.351446' y='428.48355' angle='4.712389' width='70.0' depth='30.0' height='150.0' modelSize='915781'>
    <material name='Aluminum' color='FFC6C6C6'/>
    <material name='particle_board' color='FFFFFFFF' shininess='1.0'/>
  </shelfUnit>
  <shelfUnit catalogId='Kator Legaz#utility-shelving' name='Shelves' creator='Kator Legaz' model='10/utility-shelving.obj' x='122.27482' y='315.35657' width='70.0' depth='30.0' height='150.0' modelSize='915781'>
    <material name='Aluminum' color='FFC6C6C6'/>
    <material name='particle_board' color='FFFFFFFF' shininess='1.0'/>
  </shelfUnit>
  <shelfUnit catalogId='Kator Legaz#utility-shelving' name='Shelves' creator='Kator Legaz' model='10/utility-shelving.obj' x='188.85144' y='335.35657' angle='1.5707964' width='70.0' depth='30.0' height='150.0' modelSize='915781'>
    <material name='Aluminum' color='FFC6C6C6'/>
    <material name='particle_board' color='FFFFFFFF' shininess='1.0'/>
  </shelfUnit>
  <shelfUnit catalogId='Kator Legaz#utility-shelving' name='Shelves' creator='Kator Legaz' model='10/utility-shelving.obj' x='188.85144' y='405.35657' angle='1.5707964' width='70.0' depth='30.0' height='150.0' modelSize='915781'>
    <material name='Aluminum' color='FFC6C6C6'/>
    <material name='particle_board' color='FFFFFFFF' shininess='1.0'/>
  </shelfUnit>
  <shelfUnit catalogId='Kator Legaz#utility-shelving' name='Shelves' creator='Kator Legaz' model='10/utility-shelving.obj' x='188.85144' y='475.35657' angle='1.5707964' width='70.0' depth='30.0' height='150.0' modelSize='915781'>
    <material name='Aluminum' color='FFC6C6C6'/>
    <material name='particle_board' color='FFFFFFFF' shininess='1.0'/>
  </shelfUnit>
  <shelfUnit catalogId='Kator Legaz#utility-shelving' name='Shelves' creator='Kator Legaz' model='10/utility-shelving.obj' x='188.85144' y='545.35657' angle='1.5707964' width='70.0' depth='30.0' height='150.0' modelSize='915781'>
    <material name='Aluminum' color='FFC6C6C6'/>
    <material name='particle_board' color='FFFFFFFF' shininess='1.0'/>
  </shelfUnit>
  <pieceOfFurniture catalogId='Scopia#internal-unity-air-conditioning' name='Air conditioning - Internal unit' creator='Scopia' model='14/internal-unity-air-conditioning.obj' x='102.14557' y='310.25656' elevation='200.0' width='88.5' depth='19.800001' height='28.5' modelSize='186049' movable='false'/>
  <pieceOfFurniture catalogId='OlaKristianHoff#stair_straight_open_stringer' name='Staircase with open stringer' creator='Ola-Kristian Hoff' model='16/stair_straight_open_stringer.obj' x='-161.14856' y='450.85657' width='91.0' depth='301.0' height='330.0' modelSize='58599' movable='false' staircaseCutOutShape='M0,0.002 v0.9 h1 v-0.9 z'>
    <material name='Baluster' color='00000000'/>
    <material name='Handrail' color='00000000'/>
    <material name='Riser'>
      <texture name='Dark asphalt' creator='Scopia' catalogId='eTeksScopia#asphalte-fonce-4x4m' width='400.0' height='400.0' image='17'/>
    </material>
    <material name='Stringer'>
      <texture name='Dark asphalt' creator='Scopia' catalogId='eTeksScopia#asphalte-fonce-4x4m' width='400.0' height='400.0' image='17'/>
    </material>
    <material name='Tread'>
      <texture name='Dark asphalt' creator='Scopia' catalogId='eTeksScopia#asphalte-fonce-4x4m' width='400.0' height='400.0' image='17'/>
    </material>
  </pieceOfFurniture>
  <doorOrWindow catalogId='eTeks#doorFrame' name='Door frame' creator='eTeks' model='19' x='-55.519623' y='296.60648' angle='1.7484555E-7' width='91.5' depth='9.50075' height='208.5' modelSize='1281' movable='false' cutOutShape='M0,0 v1 h1 v-1 z' wallCutOutOnBothSides='true'/>
  <doorOrWindow catalogId='eTeks#door' name='Door' creator='eTeks' model='2' x='-56.154602' y='600.1066' angle='3.1415927' width='91.5' depth='14.500751' height='208.5' modelSize='14086' movable='false' cutOutShape='M0,0 v1 h1 v-1 z' wallCutOutOnBothSides='true'/>
  <pieceOfFurniture catalogId='Blend Swap CC-BY#chair3' name='Chair' creator='MatBot' model='21/chair3.obj' x='51.197464' y='559.06836' angle='1.5707964' width='43.3' depth='50.4' height='90.6' modelSize='42357'/>
  <pieceOfFurniture catalogId='Blend Swap CC-BY#chair3' name='Chair' creator='MatBot' model='21/chair3.obj' x='75.69714' y='498.9425' angle='1.3089969' width='43.3' depth='50.4' height='90.6' modelSize='42357'/>
  <pieceOfFurniture catalogId='OlaKristianHoff#office_desk' name='Desk' creator='Ola-Kristian Hoff' model='23/office_desk.obj' x='33.351444' y='523.4836' angle='1.5707964' width='120.0' depth='60.0' height='72.0' modelSize='6491'>
    <material name='Desk'>
      <texture name='White roughcast' creator='Scopia' catalogId='eTeksScopia#white-little-roughcast' width='70.0' height='70.0' image='24'/>
    </material>
  </pieceOfFurniture>
  <shelfUnit catalogId='Kator Legaz#utility-shelving' name='Shelves' creator='Kator Legaz' model='10/utility-shelving.obj' x='80.675545' y='586.4972' elevation='114.0' width='132.0' depth='30.0' height='93.0' modelSize='915781'>
    <material name='Aluminum' color='FFFFFFFF'/>
    <material name='particle_board' color='FF7F7F7F'/>
  </shelfUnit>
  <pieceOfFurniture catalogId='Blend Swap CC-0#fireExtinguisher' name='Extinguisher' creator='Bastable' model='26/fireExtinguisher.obj' x='188.30144' y='589.35657' width='31.1' depth='18.0' height='62.3' modelSize='508266'/>
  <pieceOfFurniture catalogId='Scopia#hotelSafe' name='Hotel safe' creator='Scopia' model='28/hotelSafe.obj' x='24.351444' y='483.73355' elevation='72.0' angle='4.712389' width='40.5' depth='42.0' height='10.0' modelSize='59931'/>
  <pieceOfFurniture catalogId='Scopia#inkjet_and_scanner_printer' name='Inkjet printer and scanner' creator='Scopia' model='30/inkjet_and_scanner_printer.obj' x='9.451441' y='468.98355' elevation='82.0' angle='4.712389' width='11.0' depth='12.2' height='11.5' modelSize='58654'/>
  <pieceOfFurniture catalogId='Scopia#newspapersPile' name='Newspapers pile' creator='Scopia' model='32/newspapersPile.obj' x='15.151441' y='567.40546' elevation='72.0' angle='4.712389' width='30.1' depth='23.6' height='7.7000003' modelSize='293304'/>
  <pieceOfFurniture catalogId='Kator Legaz#newspaper' name='Newspaper' creator='Kator Legaz' model='34/newspaper.obj' x='24.460424' y='552.5209' elevation='72.0' width='26.800001' depth='24.1' height='2.0' modelSize='30566'/>
  <pieceOfFurniture catalogId='Scopia#openedNewspaper' name='Opened newspaper' creator='Scopia' model='36/openedNewspaper.obj' x='35.33355' y='552.6479' elevation='72.0' angle='4.1887903' width='58.3' depth='40.2' height='0.90000004' modelSize='101654'/>
  <pieceOfFurniture catalogId='eTeks#laptop' name='Laptop' creator='eTeks' model='38' x='38.268' y='529.50287' elevation='72.0' angle='4.1887903' width='32.5' depth='35.5' height='19.2' modelSize='45826'/>
  <pieceOfFurniture catalogId='Reallusion#female02' name='Female' creator='Reallusion' model='40/female02.obj' x='120.75216' y='557.26636' width='53.0' depth='45.2' height='168.2' modelSize='1175115'/>
  <pieceOfFurniture catalogId='Reallusion#sitFemale03' name='Sitting female' creator='Reallusion' model='42/sitFemale03.obj' x='55.781082' y='512.45435' angle='0.7853982' width='49.4' depth='97.200005' height='126.700005' modelSize='639963'/>
  <wall id='wall-03e47fc5-7ecf-4d88-a312-461b5a8d70a1' wallAtEnd='wall-0499becd-574a-4653-93c2-60ac2e081c3e' xStart='-0.39855957' yStart='599.60657' xEnd='-0.39855957' yEnd='296.60657' height='250.0' thickness='7.5' pattern='hatchUp'/>
  <wall id='wall-0499becd-574a-4653-93c2-60ac2e081c3e' wallAtStart='wall-03e47fc5-7ecf-4d88-a312-461b5a8d70a1' wallAtEnd='wall-fca5fd88-be57-4e69-a6ac-58636af4e5aa' xStart='-0.39855957' yStart='296.60657' xEnd='207.60144' yEnd='296.60657' height='250.0' thickness='7.5' pattern='hatchUp'/>
  <wall id='wall-fca5fd88-be57-4e69-a6ac-58636af4e5aa' wallAtStart='wall-0499becd-574a-4653-93c2-60ac2e081c3e' wallAtEnd='wall-169ccf6c-5bb3-44ab-bccd-5d159e9c1b79' xStart='207.60144' yStart='296.60657' xEnd='207.60144' yEnd='602.60657' height='250.0' thickness='7.5' pattern='hatchUp'/>
  <wall id='wall-169ccf6c-5bb3-44ab-bccd-5d159e9c1b79' wallAtStart='wall-fca5fd88-be57-4e69-a6ac-58636af4e5aa' xStart='207.60144' yStart='602.60657' xEnd='-3.8985596' yEnd='602.60657' height='250.0' thickness='7.5' pattern='hatchUp'/>
  <wall id='wall-2485ef04-a975-4176-ba37-ee5ad4745c2e' wallAtEnd='wall-488846f6-11ca-47ff-9aa5-ad21d35ece13' xStart='-0.39855957' yStart='296.60657' xEnd='-110.39856' yEnd='296.60657' height='250.0' thickness='7.5' pattern='hatchUp'/>
  <wall id='wall-488846f6-11ca-47ff-9aa5-ad21d35ece13' wallAtStart='wall-2485ef04-a975-4176-ba37-ee5ad4745c2e' wallAtEnd='wall-30148288-2f04-43b4-b43c-7baa67ecc611' xStart='-110.39856' yStart='296.60657' xEnd='-110.398575' yEnd='602.60657' height='250.0' thickness='7.5' pattern='hatchUp'/>
  <wall id='wall-30148288-2f04-43b4-b43c-7baa67ecc611' wallAtStart='wall-488846f6-11ca-47ff-9aa5-ad21d35ece13' xStart='-110.398575' yStart='602.60657' xEnd='-3.3985748' yEnd='602.60657' height='250.0' thickness='7.5' pattern='hatchUp'/>
  <wall id='wall-e2d5ed0f-664f-4491-b7ae-051069aabed4' wallAtEnd='wall-779f47ef-216f-47f7-b65f-45c18debb4f3' xStart='-110.39856' yStart='296.60657' xEnd='-210.39856' yEnd='296.60657' height='250.0' thickness='7.5' pattern='hatchUp'/>
  <wall id='wall-779f47ef-216f-47f7-b65f-45c18debb4f3' wallAtStart='wall-e2d5ed0f-664f-4491-b7ae-051069aabed4' xStart='-210.39856' yStart='296.60657' xEnd='-210.39857' yEnd='602.60657' height='250.0' thickness='7.5' pattern='hatchUp'/>
  <room id='room-ee83a531-483b-415d-882e-37ff8d516750' areaVisible='true' ceilingFlat='true'>
    <texture attribute='floorTexture' name='Dark ceramic tiles' creator='Scopia' catalogId='eTeksScopia#dark-ceramic-tiles' width='100.0' height='100.0' image='43'/>
    <point x='-101.87961' y='296.58148'/>
    <point x='-101.87961' y='300.35657'/>
    <point x='-106.64856' y='300.35657'/>
    <point x='-106.648575' y='598.85657'/>
    <point x='-102.51457' y='598.85657'/>
    <point x='-102.51457' y='602.6318'/>
    <point x='-9.794632' y='602.6318'/>
    <point x='-9.794632' y='598.85657'/>
    <point x='-4.1485596' y='598.85657'/>
    <point x='-4.1485596' y='421.82416'/>
    <point x='-0.37373275' y='421.82416'/>
    <point x='-0.37373164' y='329.10413'/>
    <point x='-4.1485596' y='329.10413'/>
    <point x='-4.1485596' y='300.35657'/>
    <point x='-9.159638' y='300.35657'/>
    <point x='-9.159637' y='296.58148'/>
  </room>
  <room id='room-5b388233-5a47-4869-8aa8-19e311cbebaa' areaVisible='true' ceilingFlat='true'>
    <texture attribute='floorTexture' name='Grey tiles' creator='eTeks' catalogId='eTeks#greyTile' width='31.5' height='31.5' image='44'/>
    <point x='3.3514404' y='300.35657'/>
    <point x='3.3514404' y='329.10416'/>
    <point x='-0.42373657' y='329.10416'/>
    <point x='-0.42373657' y='421.82413'/>
    <point x='3.3514404' y='421.82413'/>
    <point x='3.3514404' y='598.85657'/>
    <point x='203.85144' y='598.85657'/>
    <point x='203.85144' y='300.35657'/>
  </room>
</home>