<?xml version='1.0'?>
<home version='7400' exportFlags='17' name='KDC Health Pharmacy.sh3d' camera='topCamera' wallHeight='250.0'>
  <environment groundColor='00A8A8A8' skyColor='00CCE4FC' lightColor='00B5B5B5'>
    <observerCamera attribute='cameraPath' id='observerCamera-ec882efb-80b5-4327-8b1e-c07c83fccaeb' lens='PINHOLE' x='-2952.2039' y='1172.7837' z='170.0' yaw='40.282597' pitch='0.046349194' fieldOfView='1.0995575' time='1741780800000'/>
    <observerCamera attribute='cameraPath' id='observerCamera-84015c1e-856c-4c38-8165-f039434502c0' lens='PINHOLE' x='-3381.682' y='757.70166' z='170.0' yaw='40.282597' pitch='0.046349194' fieldOfView='1.0995575' time='1741780800000'/>
    <observerCamera attribute='cameraPath' id='observerCamera-67f3cc9a-ed57-43bf-b03d-14431d20eae5' lens='PINHOLE' x='-3675.929' y='373.1786' z='170.0' yaw='41.088005' pitch='0.14134918' fieldOfView='1.0995575' time='1741780800000'/>
    <observerCamera attribute='cameraPath' id='observerCamera-28a77bc4-73c2-45f2-84e9-2d74d2579863' lens='PINHOLE' x='-3668.731' y='-20.30957' z='170.0' yaw='41.088005' pitch='0.14134918' fieldOfView='1.0995575' time='1741780800000'/>
    <observerCamera attribute='cameraPath' id='observerCamera-4cd7da26-4b68-49d6-aa84-84684fa29906' lens='PINHOLE' x='-3668.731' y='-20.30957' z='170.0' yaw='42.36554' pitch='0.83134913' fieldOfView='1.0995575' time='1741780800000'/>
    <observerCamera attribute='cameraPath' id='observerCamera-5f3e68c7-9d41-4cd5-9be6-cdb86956f815' lens='PINHOLE' x='-3601.55' y='-37.104797' z='170.0' yaw='43.270542' pitch='0.75134915' fieldOfView='1.0995575' time='1741780800000'/>
    <observerCamera attribute='cameraPath' id='observerCamera-17d463b1-008d-4c43-9a1f-aced7b56de25' lens='PINHOLE' x='-3601.55' y='-37.104797' z='170.0' yaw='43.400536' pitch='0.40134916' fieldOfView='1.0995575' time='1741780800000'/>
    <observerCamera attribute='cameraPath' id='observerCamera-fa3b5cf2-e0ff-4356-bfae-8177a0dd2574' lens='PINHOLE' x='-3601.55' y='-37.104797' z='170.0' yaw='43.53054' pitch='0.04634915' fieldOfView='1.0995575' time='1741780800000'/>
    <observerCamera attribute='cameraPath' id='observerCamera-d08b49b0-1fc2-44a9-9831-4a3cc047292c' lens='PINHOLE' x='-3601.55' y='-37.104797' z='170.0' yaw='42.680534' pitch='0.12634915' fieldOfView='1.0995575' time='1741780800000'/>
    <observerCamera attribute='cameraPath' id='observerCamera-ed4c93f5-31d5-43be-8433-91ca60933a1f' lens='PINHOLE' x='-3601.55' y='-37.104797' z='170.0' yaw='42.37554' pitch='0.41634905' fieldOfView='1.0995575' time='1741780800000'/>
    <observerCamera attribute='cameraPath' id='observerCamera-d1777efe-e501-431c-b682-6bc18dd834e0' lens='PINHOLE' x='-3370.2932' y='145.54398' z='170.0' yaw='40.815563' pitch='0.4413489' fieldOfView='1.0995575' time='1741780800000'/>
    <observerCamera attribute='cameraPath' id='observerCamera-bbb87315-aa3c-4bcc-ad72-97179fd8bd27' lens='PINHOLE' x='-3370.2932' y='145.54398' z='170.0' yaw='40.64055' pitch='-0.10865107' fieldOfView='1.0995575' time='1741780800000'/>
    <observerCamera attribute='cameraPath' id='observerCamera-2250ac10-7e1f-4ddf-b0d3-f2cd581b7e4d' lens='PINHOLE' x='-3370.2932' y='145.54398' z='170.0' yaw='40.100544' pitch='0.70134866' fieldOfView='1.0995575' time='1741780800000'/>
    <observerCamera attribute='cameraPath' id='observerCamera-cbbc6850-0959-4968-ad73-32323a012262' lens='PINHOLE' x='-3370.2932' y='145.54398' z='170.0' yaw='39.030537' pitch='0.13134891' fieldOfView='1.0995575' time='1741780800000'/>
    <observerCamera attribute='cameraPath' id='observerCamera-8106e43f-b50c-4bd1-bd23-b40733c1ea3b' lens='PINHOLE' x='-3436.5771' y='326.71976' z='170.0' yaw='34.590523' pitch='0.09134889' fieldOfView='1.0995575' time='1741780800000'/>
    <observerCamera attribute='cameraPath' id='observerCamera-e88116e2-ceb6-44af-822d-1b7f57a9fddd' lens='PINHOLE' x='-3436.5771' y='830.47687' z='170.0' yaw='34.590523' pitch='0.09134889' fieldOfView='1.0995575' time='1741780800000'/>
    <observerCamera attribute='cameraPath' id='observerCamera-13b7adfe-262a-41b3-bfe3-1141be4bd7a4' lens='PINHOLE' x='-3552.9421' y='740.6254' z='170.0' yaw='35.150597' pitch='-0.06365111' fieldOfView='1.0995575' time='1741780800000'/>
    <texture attribute='groundTexture' name='Grass' creator='Ola-Kristian Hoff' catalogId='OlaKristianHoff#grass3' width='100.0' height='100.0' image='0'/>
    <texture attribute='skyTexture' name='Cloudy' creator='eTeks' catalogId='eTeks#cloudy' width='100.0' height='27.6' image='1'/>
  </environment>
  <observerCamera attribute='observerCamera' lens='PINHOLE' x='-3269.8894' y='385.93643' z='170.0' yaw='33.960598' pitch='-0.01865137' fieldOfView='1.0995575' time='1741780800000'/>
  <camera attribute='topCamera' lens='PINHOLE' x='-3664.6335' y='787.4882' z='281.7461' yaw='-46.953644' pitch='0.16499998' fieldOfView='1.0995575' time='1741780800000'/>
  <camera attribute='storedCamera' id='camera-55fd4003-eadb-4a96-ab02-cd7b04257d20' name='3/12/25 10:34:29 AM' lens='PINHOLE' x='282.64963' y='1400.5731' z='518.7452' yaw='-22.283878' pitch='0.34500012' fieldOfView='1.0995575' time='1741780800000'/>
  <observerCamera attribute='storedCamera' id='observerCamera-66718baf-56e7-4a46-a64b-8c4c6b9029ea' name='3/12/25 9:12:26 AM' lens='PINHOLE' x='106.51898' y='1540.8715' z='170.0' yaw='3.2474942' pitch='0.04134957' fieldOfView='1.0995575' time='1741780800000'/>
  <furnitureGroup name='Group 2' x='-3541.2864' y='96.50459' angle='4.712389' width='420.98914' depth='528.8198' height='330.0' movable='false'>
    <furnitureGroup name='Sidewalk Signage' x='-3286.7397' y='271.5701' angle='4.7804565' width='70.00003' depth='15.000244' height='308.0' movable='false'>
      <pieceOfFurniture catalogId='eTeks#texturableBox' name='Box' creator='eTeks' model='3/texturableBox.obj' x='-3286.2659' y='274.07272' elevation='250.0' angle='4.7804565' width='55.0' depth='10.0' height='55.0' modelSize='1661'>
        <material name='back' shininess='1.0'>
          <texture name='KDC Signange' width='251.91118' height='141.7' image='4'/>
        </material>
        <material name='bottom' shininess='1.0'>
          <texture name='Grey tiles' creator='eTeks' catalogId='eTeks#greyTile' width='31.5' height='31.5' image='5'/>
        </material>
        <material name='front' shininess='1.0'>
          <texture name='KDC Signange' width='251.91118' height='141.7' image='4'/>
        </material>
        <material name='left' shininess='1.0'>
          <texture name='Dark ceramic tiles' creator='Scopia' catalogId='eTeksScopia#dark-ceramic-tiles' width='100.0' height='100.0' image='6'/>
        </material>
        <material name='right' shininess='1.0'>
          <texture name='Dark ceramic tiles' creator='Scopia' catalogId='eTeksScopia#dark-ceramic-tiles' width='100.0' height='100.0' image='6'/>
        </material>
        <material name='top' shininess='1.0'>
          <texture name='Grey tiles' creator='eTeks' catalogId='eTeks#greyTile' width='31.5' height='31.5' image='5'/>
        </material>
      </pieceOfFurniture>
      <light catalogId='OlaKristianHoff#street_light_modern' name='Street light' creator='Ola-Kristian Hoff' model='8/street_light_modern.obj' x='-3286.7397' y='271.5701' angle='0.06806772' width='15.0' depth='70.0' height='308.0' modelSize='20899' movable='false'>
        <material name='Glass' color='00000000'/>
        <material name='Lamp' color='00000000'/>
      </light>
    </furnitureGroup>
    <furnitureGroup name='Doors and Stairs' x='-3700.006' y='54.26024' angle='1.5707964' width='336.50046' depth='211.38037' height='330.0' movable='false'>
      <doorOrWindow catalogId='eTeks#door' name='Door' creator='eTeks' model='10' x='-3601.5664' y='-56.171417' angle='4.712389' width='90.0' depth='14.500751' height='210.0' modelMirrored='true' modelSize='14086' movable='false' cutOutShape='M0,0 v1 h1 v-1 z' wallCutOutOnBothSides='true'/>
      <doorOrWindow catalogId='eTeks#doorFrame' name='Door frame' creator='eTeks' model='12' x='-3654.567' y='-109.23961' angle='1.7484555E-7' width='91.5' depth='9.50075' height='208.5' modelSize='1281' movable='false' cutOutShape='M0,0 v1 h1 v-1 z' wallCutOutOnBothSides='true'/>
      <pieceOfFurniture catalogId='OlaKristianHoff#stair_straight_open_stringer' name='Staircase with open stringer' creator='Ola-Kristian Hoff' model='14/stair_straight_open_stringer.obj' x='-3761.1963' y='58.510468' width='89.0' depth='328.0' height='330.0' modelSize='58599' movable='false' staircaseCutOutShape='M0,0.002 v0.9 h1 v-0.9 z'>
        <material name='Baluster' color='00000000'/>
        <material name='Handrail' color='00000000'/>
        <material name='Riser'>
          <texture name='Dark asphalt' creator='Scopia' catalogId='eTeksScopia#asphalte-fonce-4x4m' width='400.0' height='400.0' image='15'/>
        </material>
        <material name='Stringer'>
          <texture name='Dark asphalt' creator='Scopia' catalogId='eTeksScopia#asphalte-fonce-4x4m' width='400.0' height='400.0' image='15'/>
        </material>
        <material name='Tread'>
          <texture name='Dark asphalt' creator='Scopia' catalogId='eTeksScopia#asphalte-fonce-4x4m' width='400.0' height='400.0' image='15'/>
        </material>
      </pieceOfFurniture>
    </furnitureGroup>
    <pieceOfFurniture catalogId='Blend Swap CC-0#fireExtinguisher' name='Extinguisher' creator='Bastable' model='17/fireExtinguisher.obj' x='-3325.7507' y='-68.24661' angle='1.4763765' width='31.1' depth='18.0' height='62.3' modelSize='508266'/>
    <furnitureGroup name='Store Front' x='-3448.0972' y='229.08054' angle='0.061086524' width='230.54858' depth='68.18167' height='240.0' movable='false'>
      <doorOrWindow catalogId='OlaKristianHoff#window_shop' name='Shop window' creator='Ola-Kristian Hoff' model='19/window_shop.obj' x='-3448.0872' y='229.08673' angle='0.064090356' width='230.0' depth='7.50075' height='209.0' color='FFFFFFFF' modelSize='3510' movable='false' cutOutShape='M0,0 v1 h1 v-1 z' wallCutOutOnBothSides='true'/>
      <doorOrWindow catalogId='Scopia#window_2x1_with_sliders' name='Sliding glass window' creator='Scopia' model='21/window_2x1_with_sliders.obj' x='-3447.9556' y='221.1592' elevation='107.0' angle='0.064090356' width='220.0' depth='7.50075' height='45.0' modelSize='18813' movable='false' cutOutShape='M0,0 v1 h1 v-1 z' wallCutOutOnBothSides='true'/>
      <shelfUnit catalogId='OlaKristianHoff#shelves_storage_steel' name='Steel shelves' creator='Ola-Kristian Hoff' model='23/shelves_storage_steel.obj' x='-3447.205' y='210.00859' angle='0.061086524' width='230.0' depth='30.0' height='107.0' modelSize='27506'>
        <material name='Shelf' color='FFFFFFFF'/>
        <material name='Support' color='FFC6C6C6'/>
      </shelfUnit>
      <shelfUnit catalogId='PeterSmolik#shelving' name='Shelving' creator='Peter Smolik' model='25/shelving.obj' x='-3446.658' y='210.0437' elevation='146.0' angle='0.061086524' width='230.0' depth='30.0' height='35.0' modelSize='52423'>
        <material name='Shelving_1' color='FFFFFFFF'/>
        <material name='Shelving_3' color='00000000'/>
      </shelfUnit>
      <pieceOfFurniture catalogId='eTeks#texturableBox' name='Roll-Up Door Hood' creator='eTeks' model='3/texturableBox.obj' x='-3449.8013' y='247.76477' elevation='210.0' angle='0.064090356' width='224.71538' depth='30.0' height='30.0' modelSize='1661'>
        <material name='front'>
          <texture name='KDC Signange' width='251.91118' height='141.7' image='4'/>
        </material>
        <material name='left'>
          <texture name='Gray metal' creator='Scopia' catalogId='eTeksScopia#gray-metal-floor' width='100.0' height='100.0' image='26'/>
        </material>
        <material name='right'>
          <texture name='Gray metal' creator='Scopia' catalogId='eTeksScopia#gray-metal-floor' width='100.0' height='100.0' image='26'/>
        </material>
        <material name='top'>
          <texture name='Gray metal' creator='Scopia' catalogId='eTeksScopia#gray-metal-floor' width='100.0' height='100.0' image='26'/>
        </material>
      </pieceOfFurniture>
    </furnitureGroup>
    <furnitureGroup name='Medecine Shelves' x='-3442.462' y='30.890015' angle='3.2044246' width='309.19507' depth='248.33092' height='150.0'>
      <furnitureGroup name='Medecine Shelves Back' x='-3440.6208' y='-78.37182' angle='3.2044246' width='140.0' depth='30.007202' height='150.0'>
        <shelfUnit catalogId='Kator Legaz#utility-shelving' name='Shelves' creator='Kator Legaz' model='28/utility-shelving.obj' x='-3475.552' y='-80.56591' angle='3.2044246' width='70.0' depth='30.0' height='150.0' modelSize='915781'>
          <material name='Aluminum' color='FFC6C6C6'/>
          <material name='particle_board' color='FFFFFFFF' shininess='1.0'/>
        </shelfUnit>
        <shelfUnit catalogId='Kator Legaz#utility-shelving' name='Shelves' creator='Kator Legaz' model='28/utility-shelving.obj' x='-3405.6897' y='-76.17774' angle='3.2044246' width='70.0' depth='30.0' height='150.0' modelSize='915781'>
          <material name='Aluminum' color='FFC6C6C6'/>
          <material name='particle_board' color='FFFFFFFF' shininess='1.0'/>
        </shelfUnit>
      </furnitureGroup>
      <furnitureGroup name='Medecine Shelves Right' x='-3320.4727' y='56.735275' angle='1.4782938' width='209.99988' depth='30.32788' height='150.0'>
        <shelfUnit catalogId='Kator Legaz#utility-shelving' name='Shelves' creator='Kator Legaz' model='28/utility-shelving.obj' x='-3327.1018' y='-12.950249' angle='1.4782939' width='70.0' depth='30.0' height='150.0' modelSize='915781'>
          <material name='Aluminum' color='FFC6C6C6'/>
          <material name='particle_board' color='FFFFFFFF' shininess='1.0'/>
        </shelfUnit>
        <shelfUnit catalogId='Kator Legaz#utility-shelving' name='Shelves' creator='Kator Legaz' model='28/utility-shelving.obj' x='-3320.4448' y='56.732796' angle='1.4782939' width='70.0' depth='30.0' height='150.0' modelSize='915781'>
          <material name='Aluminum' color='FFC6C6C6'/>
          <material name='particle_board' color='FFFFFFFF' shininess='1.0'/>
        </shelfUnit>
        <shelfUnit catalogId='Kator Legaz#utility-shelving' name='Shelves' creator='Kator Legaz' model='28/utility-shelving.obj' x='-3313.8435' y='126.420784' angle='1.4782939' width='70.0' depth='30.0' height='150.0' modelSize='915781'>
          <material name='Aluminum' color='FFC6C6C6'/>
          <material name='particle_board' color='FFFFFFFF' shininess='1.0'/>
        </shelfUnit>
      </furnitureGroup>
      <shelfUnit catalogId='Kator Legaz#utility-shelving' name='Medecine Shelve Left' creator='Kator Legaz' model='28/utility-shelving.obj' x='-3582.5142' y='68.25686' angle='1.5707964' width='70.0' depth='30.0' height='150.0' modelSize='915781'>
        <material name='Aluminum' color='FFC6C6C6'/>
        <material name='particle_board' color='FFFFFFFF' shininess='1.0'/>
      </shelfUnit>
    </furnitureGroup>
    <furnitureGroup name='Tables &amp; Chairs' x='-3452.5037' y='108.01071' angle='0.073303826' width='120.09888' depth='175.54578' height='168.2'>
      <pieceOfFurniture catalogId='Blend Swap CC-BY#chair3' name='Chair' creator='MatBot' model='30/chair3.obj' x='-3476.3525' y='51.931496' angle='6.0946894' width='43.3' depth='50.4' height='90.6' modelSize='42357'/>
      <pieceOfFurniture catalogId='Blend Swap CC-BY#chair3' name='Chair' creator='MatBot' model='30/chair3.obj' x='-3419.8228' y='75.331955' angle='0.07330394' width='43.3' depth='50.4' height='90.6' modelSize='42357'/>
      <furnitureGroup name='Characters' x='-3464.3647' y='111.32505' angle='0.7853982' width='172.30151' depth='136.84106' height='168.2'>
        <pieceOfFurniture catalogId='Reallusion#female02' name='PA' creator='Reallusion' model='32/female02.obj' x='-3451.8276' y='171.52356' width='53.0' depth='45.2' height='168.2' modelSize='1175115'/>
        <pieceOfFurniture catalogId='Reallusion#sitFemale03' name='Supervisor' creator='Reallusion' model='34/sitFemale03.obj' x='-3470.7163' y='72.82915' angle='6.021386' width='49.4' depth='97.200005' height='126.700005' modelSize='639963'/>
      </furnitureGroup>
      <pieceOfFurniture catalogId='OlaKristianHoff#office_desk' name='Desk' creator='Ola-Kristian Hoff' model='36/office_desk.obj' x='-3451.1995' y='90.92253' angle='0.07330394' width='120.0' depth='60.0' height='72.0' modelSize='6491'>
        <material name='Desk'>
          <texture name='White roughcast' creator='Scopia' catalogId='eTeksScopia#white-little-roughcast' width='70.0' height='70.0' image='37'/>
        </material>
      </pieceOfFurniture>
      <furnitureGroup name='Table Items' x='-3455.5776' y='100.98131' elevation='72.0' angle='2.6912978' width='112.87305' depth='96.91467' height='21.5'>
        <pieceOfFurniture catalogId='Scopia#newspapersPile' name='Newspapers pile' creator='Scopia' model='39/newspapersPile.obj' x='-3408.4458' y='112.310394' elevation='72.0' angle='3.2148964' width='30.1' depth='23.6' height='7.7000003' modelSize='293304'/>
        <pieceOfFurniture catalogId='Kator Legaz#newspaper' name='Newspaper' creator='Kator Legaz' model='41/newspaper.obj' x='-3425.3757' y='104.91806' elevation='72.0' angle='4.785692' width='26.800001' depth='24.1' height='2.0' modelSize='30566'/>
        <pieceOfFurniture catalogId='Scopia#openedNewspaper' name='Opened newspaper' creator='Scopia' model='43/openedNewspaper.obj' x='-3429.073' y='96.291595' elevation='72.0' angle='2.6912978' width='58.3' depth='40.2' height='0.90000004' modelSize='101654'/>
        <pieceOfFurniture catalogId='Scopia#inkjet_and_scanner_printer' name='Thermal Printer' creator='Scopia' model='45/inkjet_and_scanner_printer.obj' x='-3462.8108' y='110.59436' elevation='82.0' angle='3.2148964' width='11.0' depth='12.2' height='11.5' modelSize='58654'/>
        <pieceOfFurniture catalogId='Scopia#hotelSafe' name='Cash Drawer' creator='Scopia' model='47/hotelSafe.obj' x='-3489.9143' y='95.20395' elevation='72.0' angle='3.2148964' width='40.5' depth='42.0' height='10.0' modelSize='59931'/>
        <pieceOfFurniture catalogId='eTeks#laptop' name='Laptop' creator='eTeks' model='49' x='-3444.7864' y='89.64786' elevation='72.0' angle='2.6912978' width='32.5' depth='35.5' height='19.2' modelSize='45826'/>
      </furnitureGroup>
    </furnitureGroup>
    <furnitureGroup name='Products 1' x='-3451.8965' y='65.32033' elevation='78.4' angle='0.073303826' width='124.39624' depth='312.60635' height='117.799995'>
      <pieceOfFurniture catalogId='Scopia#medicoscopia_box' name='Medicine box' creator='Scopia' model='51/medicoscopia_box.obj' x='-3499.7712' y='203.6084' elevation='153.0' angle='0.073303826' width='10.900001' depth='4.3' height='6.6' modelSize='55297'/>
      <pieceOfFurniture catalogId='Scopia#medicoscopia_box' name='Medicine box' creator='Scopia' model='51/medicoscopia_box.obj' x='-3494.6416' y='212.92798' elevation='153.0' angle='6.09469' width='10.900001' depth='4.3' height='6.6' modelSize='55297'/>
      <pieceOfFurniture catalogId='Scopia#food-box-pasta' name='Pasta box' creator='Scopia' model='53/food-box-pasta.obj' x='-3483.6204' y='-90.38916' elevation='150.025' angle='0.073303826' width='13.900001' depth='5.4' height='19.7' modelSize='43469'/>
      <pieceOfFurniture catalogId='Scopia#food-box-pasta' name='Pasta box' creator='Scopia' model='53/food-box-pasta.obj' x='-3465.5283' y='-89.69751' elevation='150.025' angle='0.073303826' width='13.900001' depth='5.4' height='19.7' modelSize='43469'/>
      <pieceOfFurniture catalogId='Scopia#food-box-pasta' name='Pasta box' creator='Scopia' model='53/food-box-pasta.obj' x='-3484.0159' y='-85.00375' elevation='150.025' angle='0.073303826' width='13.900001' depth='5.4' height='19.7' modelSize='43469'/>
      <pieceOfFurniture catalogId='Scopia#food-box-pasta' name='Pasta box' creator='Scopia' model='53/food-box-pasta.obj' x='-3484.4114' y='-79.61838' elevation='150.025' angle='0.073303826' width='13.900001' depth='5.4' height='19.7' modelSize='43469'/>
      <pieceOfFurniture catalogId='Scopia#food-box-corn-flakes' name='Corn flakes box' creator='Scopia' model='55/food-box-corn-flakes.obj' x='-3409.0093' y='-71.37863' elevation='78.4' angle='0.073303826' width='19.1' depth='9.1' height='27.1' modelSize='73764'/>
      <pieceOfFurniture catalogId='Scopia#food-box-corn-flakes' name='Corn flakes box' creator='Scopia' model='55/food-box-corn-flakes.obj' x='-3408.034' y='-83.33374' elevation='78.425' angle='0.073303826' width='19.1' depth='9.1' height='27.1' modelSize='73764'/>
      <pieceOfFurniture catalogId='Scopia#food-box-corn-flakes' name='Corn flakes box' creator='Scopia' model='55/food-box-corn-flakes.obj' x='-3389.0234' y='-71.987335' elevation='78.425' angle='0.073303826' width='19.1' depth='9.1' height='27.1' modelSize='73764'/>
      <pieceOfFurniture catalogId='Scopia#medicoscopia_bottle2' name='Medicine bottle' creator='Scopia' model='57/medicoscopia_bottle2.obj' x='-3480.0332' y='217.12048' elevation='153.0' angle='3.214896' width='5.7000003' depth='5.7000003' height='13.900001' modelSize='113850'/>
      <pieceOfFurniture catalogId='Scopia#medicoscopia_bottle2' name='Medicine bottle' creator='Scopia' model='57/medicoscopia_bottle2.obj' x='-3478.824' y='209.32385' elevation='153.0' angle='0.073303826' width='5.7000003' depth='5.7000003' height='13.900001' modelSize='113850'/>
      <pieceOfFurniture catalogId='Scopia#medicoscopia_bottle2' name='Medicine bottle' creator='Scopia' model='57/medicoscopia_bottle2.obj' x='-3473.0652' y='217.6322' elevation='153.0' angle='3.214896' width='5.7000003' depth='5.7000003' height='13.900001' modelSize='113850'/>
      <pieceOfFurniture catalogId='Scopia#medicoscopia_bottle' name='Medicine bottle' creator='Scopia' model='59/medicoscopia_bottle.obj' x='-3465.366' y='215.97925' elevation='153.0' angle='0.073303826' width='4.3' depth='4.3' height='8.7' modelSize='157420'/>
      <pieceOfFurniture catalogId='Scopia#medicoscopia_bottle' name='Medicine bottle' creator='Scopia' model='59/medicoscopia_bottle.obj' x='-3464.8076' y='208.37769' elevation='153.0' angle='0.073303826' width='4.3' depth='4.3' height='8.7' modelSize='157420'/>
      <pieceOfFurniture catalogId='Scopia#medicoscopia_box' name='Medicine box' creator='Scopia' model='51/medicoscopia_box.obj' x='-3504.3562' y='209.04199' elevation='153.0' angle='0.073303826' width='10.900001' depth='4.3' height='6.6' modelSize='55297'/>
      <pieceOfFurniture catalogId='Scopia#medicoscopia_bottle' name='Medicine bottle' creator='Scopia' model='59/medicoscopia_bottle.obj' x='-3458.398' y='216.49097' elevation='153.0' angle='0.073303826' width='4.3' depth='4.3' height='8.7' modelSize='157420'/>
      <pieceOfFurniture catalogId='Blend Swap CC-0#flacon' name='Flacon' creator='Tappi' model='61/flacon.obj' x='-3428.8894' y='218.19177' elevation='153.0' angle='0.073303826' width='3.7' depth='2.1000001' height='13.0' modelSize='291430'/>
      <pieceOfFurniture catalogId='Blend Swap CC-0#flacon' name='Flacon' creator='Tappi' model='61/flacon.obj' x='-3434.097' y='219.72034' elevation='153.0' angle='0.073303826' width='3.7' depth='2.1000001' height='13.0' modelSize='291430'/>
      <pieceOfFurniture catalogId='Scopia#com_bath' name='Bottle' creator='Scopia' model='63/com_bath.obj' x='-3416.846' y='221.91101' elevation='153.0' angle='3.214896' width='5.4' depth='5.4' height='12.0' modelSize='82365'/>
      <pieceOfFurniture catalogId='Scopia#com_bath' name='Bottle' creator='Scopia' model='63/com_bath.obj' x='-3416.8347' y='213.08875' elevation='153.0' angle='0.073303826' width='5.4' depth='5.4' height='12.0' modelSize='82365'/>
      <pieceOfFurniture catalogId='Scopia#food-box-pasta' name='Pasta box' creator='Scopia' model='53/food-box-pasta.obj' x='-3445.5283' y='-69.69751' elevation='79.1' angle='0.073303826' width='13.900001' depth='5.4' height='19.7' modelSize='43469'/>
      <pieceOfFurniture catalogId='Scopia#food-box-pasta' name='Pasta box' creator='Scopia' model='53/food-box-pasta.obj' x='-3464.0159' y='-65.00375' elevation='79.1' angle='0.073303826' width='13.900001' depth='5.4' height='19.7' modelSize='43469'/>
      <pieceOfFurniture catalogId='Scopia#food-box-pasta' name='Pasta box' creator='Scopia' model='53/food-box-pasta.obj' x='-3463.6204' y='-70.38916' elevation='79.1' angle='0.073303826' width='13.900001' depth='5.4' height='19.7' modelSize='43469'/>
      <pieceOfFurniture catalogId='Snduc#bidon' name='Bottle' creator='Snduc' model='65' x='-3409.6636' y='213.52283' elevation='153.0' angle='0.073303826' width='6.5' depth='6.5' height='16.7' modelSize='34236'/>
      <pieceOfFurniture catalogId='Blend Swap CC-0#mamadeira' name='Baby bottle' creator='Valdps' model='67/mamadeira.obj' x='-3522.0344' y='205.29584' elevation='181.5' angle='3.214896' width='5.0' depth='5.0' height='14.7' modelSize='74706'/>
      <pieceOfFurniture catalogId='Blend Swap CC-0#mamadeira' name='Baby bottle' creator='Valdps' model='67/mamadeira.obj' x='-3515.3914' y='205.78363' elevation='181.5' angle='3.214896' width='5.0' depth='5.0' height='14.7' modelSize='74706'/>
      <pieceOfFurniture catalogId='Blend Swap CC-0#mamadeira' name='Baby bottle' creator='Valdps' model='67/mamadeira.obj' x='-3518.9348' y='197.55426' elevation='181.5' angle='3.214896' width='5.0' depth='5.0' height='14.7' modelSize='74706'/>
    </furnitureGroup>
    <furnitureGroup name='Products 2' x='-3442.9578' y='218.54944' elevation='42.5' angle='0.073303826' width='121.92798' depth='17.030243' height='45.1'>
      <pieceOfFurniture catalogId='Scopia#medicoscopia_box' name='Medicine box' creator='Scopia' model='51/medicoscopia_box.obj' x='-3475.2812' y='209.79349' elevation='42.5' angle='0.073303826' width='10.900001' depth='4.3' height='6.6' modelSize='55297'/>
      <pieceOfFurniture catalogId='Scopia#medicoscopia_box' name='Medicine box' creator='Scopia' model='51/medicoscopia_box.obj' x='-3470.1516' y='219.11307' elevation='42.507507' angle='6.09469' width='10.900001' depth='4.3' height='6.6' modelSize='55297'/>
      <pieceOfFurniture catalogId='Scopia#medicoscopia_bottle2' name='Medicine bottle' creator='Scopia' model='57/medicoscopia_bottle2.obj' x='-3455.5432' y='223.30557' elevation='42.5' angle='3.214896' width='5.7000003' depth='5.7000003' height='13.900001' modelSize='113850'/>
      <pieceOfFurniture catalogId='Scopia#medicoscopia_bottle2' name='Medicine bottle' creator='Scopia' model='57/medicoscopia_bottle2.obj' x='-3454.334' y='215.50894' elevation='42.5' angle='0.073303826' width='5.7000003' depth='5.7000003' height='13.900001' modelSize='113850'/>
      <pieceOfFurniture catalogId='Scopia#medicoscopia_bottle2' name='Medicine bottle' creator='Scopia' model='57/medicoscopia_bottle2.obj' x='-3448.5752' y='223.81729' elevation='42.5' angle='3.214896' width='5.7000003' depth='5.7000003' height='13.900001' modelSize='113850'/>
      <pieceOfFurniture catalogId='Scopia#medicoscopia_bottle' name='Medicine bottle' creator='Scopia' model='59/medicoscopia_bottle.obj' x='-3440.876' y='222.16434' elevation='42.5' angle='0.073303826' width='4.3' depth='4.3' height='8.7' modelSize='157420'/>
      <pieceOfFurniture catalogId='Scopia#medicoscopia_bottle' name='Medicine bottle' creator='Scopia' model='59/medicoscopia_bottle.obj' x='-3440.3176' y='214.56277' elevation='42.5' angle='0.073303826' width='4.3' depth='4.3' height='8.7' modelSize='157420'/>
      <pieceOfFurniture catalogId='Scopia#medicoscopia_box' name='Medicine box' creator='Scopia' model='51/medicoscopia_box.obj' x='-3479.8662' y='215.22708' elevation='42.507507' angle='0.073303826' width='10.900001' depth='4.3' height='6.6' modelSize='55297'/>
      <pieceOfFurniture catalogId='Scopia#medicoscopia_bottle' name='Medicine bottle' creator='Scopia' model='59/medicoscopia_bottle.obj' x='-3433.908' y='222.67606' elevation='42.5' angle='0.073303826' width='4.3' depth='4.3' height='8.7' modelSize='157420'/>
      <pieceOfFurniture catalogId='Blend Swap CC-0#flacon' name='Flacon' creator='Tappi' model='61/flacon.obj' x='-3404.3994' y='224.37686' elevation='42.5' angle='0.073303826' width='3.7' depth='2.1000001' height='13.0' modelSize='291430'/>
      <pieceOfFurniture catalogId='Blend Swap CC-0#flacon' name='Flacon' creator='Tappi' model='61/flacon.obj' x='-3409.607' y='225.90543' elevation='42.5' angle='0.073303826' width='3.7' depth='2.1000001' height='13.0' modelSize='291430'/>
      <pieceOfFurniture catalogId='Scopia#com_bath' name='Bottle' creator='Scopia' model='63/com_bath.obj' x='-3392.356' y='228.0961' elevation='42.5' angle='3.214896' width='5.4' depth='5.4' height='12.0' modelSize='82365'/>
      <pieceOfFurniture catalogId='Scopia#com_bath' name='Bottle' creator='Scopia' model='63/com_bath.obj' x='-3392.3447' y='219.27383' elevation='42.5' angle='0.073303826' width='5.4' depth='5.4' height='12.0' modelSize='82365'/>
      <pieceOfFurniture catalogId='Snduc#bidon' name='Bottle' creator='Snduc' model='65' x='-3385.1736' y='219.70792' elevation='42.5' angle='0.073303826' width='6.5' depth='6.5' height='16.7' modelSize='34236'/>
      <pieceOfFurniture catalogId='Blend Swap CC-0#mamadeira' name='Baby bottle' creator='Valdps' model='67/mamadeira.obj' x='-3501.5984' y='218.80836' elevation='72.9' angle='3.214896' width='5.0' depth='5.0' height='14.7' modelSize='74706'/>
      <pieceOfFurniture catalogId='Blend Swap CC-0#mamadeira' name='Baby bottle' creator='Valdps' model='67/mamadeira.obj' x='-3494.9553' y='219.29616' elevation='72.9' angle='3.214896' width='5.0' depth='5.0' height='14.7' modelSize='74706'/>
      <pieceOfFurniture catalogId='Blend Swap CC-0#mamadeira' name='Baby bottle' creator='Valdps' model='67/mamadeira.obj' x='-3498.4988' y='211.06679' elevation='72.9' angle='3.214896' width='5.0' depth='5.0' height='14.7' modelSize='74706'/>
    </furnitureGroup>
    <furnitureGroup name='Electronics' x='-3503.886' y='-44.208153' elevation='115.0' width='195.06201' depth='116.762436' height='119.3' movable='false'>
      <pieceOfFurniture catalogId='Scopia#internal-unity-air-conditioning' name='Air conditioning - Internal unit' creator='Scopia' model='69/internal-unity-air-conditioning.obj' x='-3451.1384' y='-85.53262' elevation='200.0' angle='0.06271143' width='88.5' depth='19.800001' height='28.5' modelSize='186049' movable='false'/>
      <pieceOfFurniture catalogId='Blend Swap CC-BY#surveillanceCamera' name='Surveillance camera' creator='Starkerg' model='71/surveillanceCamera.obj' x='-3558.193' y='-82.41013' elevation='216.0' angle='0.06271143' width='22.9' depth='39.0' height='18.300001' modelSize='166780'/>
      <pieceOfFurniture catalogId='Pencilart#electricOutlet2' name='Electric outlet 2' creator='Pencilart' model='73' x='-3520.4348' y='-92.28204' elevation='200.0' width='7.1' depth='0.5' height='11.2' modelSize='4936' movable='false'/>
      <pieceOfFurniture catalogId='Scopia#double-switch-whites' name='Wall double switch' creator='Scopia' model='75/double-switch-whites.obj' x='-3600.867' y='9.923065' elevation='115.0' angle='4.712389' width='8.5' depth='1.1' height='8.5' modelSize='29226' movable='false'/>
      <furnitureGroup name='Emergency Light' x='-3587.6572' y='-55.330044' elevation='215.0' angle='4.712389' width='32.999996' depth='25.319824' height='17.300003'>
        <pieceOfFurniture catalogId='eTeks#texturableBox' name='Box' creator='eTeks' model='3/texturableBox.obj' x='-3595.3171' y='-55.330048' elevation='215.0' angle='4.712389' width='33.0' depth='10.0' height='17.0' modelSize='1661'>
          <material name='back' shininess='1.0'/>
          <material name='bottom' shininess='1.0'>
            <texture name='Grey tiles' creator='eTeks' catalogId='eTeks#greyTile' width='31.5' height='31.5' image='5'/>
          </material>
          <material name='front' shininess='1.0'>
            <texture name='Grey tiles' creator='eTeks' catalogId='eTeks#greyTile' width='31.5' height='31.5' image='5'/>
          </material>
          <material name='left' shininess='1.0'>
            <texture name='Dark ceramic tiles' creator='Scopia' catalogId='eTeksScopia#dark-ceramic-tiles' width='100.0' height='100.0' image='6'/>
          </material>
          <material name='right' shininess='1.0'>
            <texture name='Dark ceramic tiles' creator='Scopia' catalogId='eTeksScopia#dark-ceramic-tiles' width='100.0' height='100.0' image='6'/>
          </material>
          <material name='top' shininess='1.0'>
            <texture name='Grey tiles' creator='eTeks' catalogId='eTeks#greyTile' width='31.5' height='31.5' image='5'/>
          </material>
        </pieceOfFurniture>
        <light catalogId='Kator Legaz#wall-spotlight' name='Wall spotlight' creator='Kator Legaz' model='77/wall-spotlight.obj' x='-3587.2517' y='-48.67813' elevation='222.0' angle='4.712389' width='6.0' depth='23.5' height='10.3' modelSize='257130'>
          <material name='Black_paint'>
            <texture name='White roughcast' creator='Scopia' catalogId='eTeksScopia#white-little-roughcast' width='70.0' height='70.0' image='37'/>
          </material>
        </light>
        <light catalogId='Kator Legaz#wall-spotlight' name='Wall spotlight' creator='Kator Legaz' model='77/wall-spotlight.obj' x='-3586.7473' y='-61.431488' elevation='222.0' angle='4.712389' width='6.0' depth='23.5' height='10.3' modelSize='257130'>
          <material name='Black_paint'>
            <texture name='White roughcast' creator='Scopia' catalogId='eTeksScopia#white-little-roughcast' width='70.0' height='70.0' image='37'/>
          </material>
        </light>
      </furnitureGroup>
    </furnitureGroup>
  </furnitureGroup>
  <wall id='wall-10dd69d4-4a7d-4ba7-b801-f8689e8cf64a' wallAtEnd='wall-8ea5c41e-e5b8-4d8a-b5c6-d7218b7388ca' xStart='-3602.7' yStart='221.29236' xEnd='-3600.1802' yEnd='-108.707634' height='250.0' thickness='7.5' pattern='hatchUp'/>
  <wall id='wall-8ea5c41e-e5b8-4d8a-b5c6-d7218b7388ca' wallAtStart='wall-10dd69d4-4a7d-4ba7-b801-f8689e8cf64a' wallAtEnd='wall-99ff37d1-93ce-4c82-b540-ed039464f3f5' xStart='-3600.1802' yStart='-108.707634' xEnd='-3315.0664' yEnd='-88.90721' height='250.0' thickness='7.5' pattern='hatchUp'/>
  <wall id='wall-99ff37d1-93ce-4c82-b540-ed039464f3f5' wallAtStart='wall-8ea5c41e-e5b8-4d8a-b5c6-d7218b7388ca' wallAtEnd='wall-36e41a66-fc9a-45e0-8551-081c6d221a6d' xStart='-3315.0664' yStart='-88.90721' xEnd='-3283.9385' yEnd='239.62141' height='250.0' thickness='7.5' pattern='hatchUp'/>
  <wall id='wall-36e41a66-fc9a-45e0-8551-081c6d221a6d' wallAtStart='wall-99ff37d1-93ce-4c82-b540-ed039464f3f5' wallAtEnd='wall-ee5be78b-3fd0-4a99-9655-d5483ac133b7' xStart='-3283.9385' yStart='239.62141' xEnd='-3584.6582' yEnd='220.32175' height='250.0' thickness='7.5' pattern='hatchUp'/>
  <wall id='wall-ee5be78b-3fd0-4a99-9655-d5483ac133b7' wallAtStart='wall-36e41a66-fc9a-45e0-8551-081c6d221a6d' xStart='-3584.6582' yStart='220.32175' xEnd='-3606.1582' yEnd='220.32175' height='250.0' thickness='7.5' pattern='hatchUp'/>
  <wall id='wall-e5dbc61d-e946-496f-8326-787a937a9c57' wallAtEnd='wall-b2b35d43-b9f5-436d-ae54-5d75be656c47' xStart='-3604.0664' yStart='-108.87169' xEnd='-3811.0664' yEnd='-108.87169' height='250.0' thickness='7.5' pattern='hatchUp'/>
  <wall id='wall-b2b35d43-b9f5-436d-ae54-5d75be656c47' wallAtStart='wall-e5dbc61d-e946-496f-8326-787a937a9c57' xStart='-3811.0664' yStart='-108.87169' xEnd='-3811.0664' yEnd='220.32175' height='250.0' thickness='7.5' pattern='hatchUp'/>
  <room id='room-9e6eb5f4-c3c9-496b-918d-6288b46db13e' areaVisible='true' ceilingFlat='true'>
    <texture attribute='floorTexture' name='Big stones' creator='Scopia' catalogId='eTeksScopia#big-stones-floor-tiles' width='120.0' height='120.0' image='78'/>
    <point x='-3700.8645' y='-108.17761'/>
    <point x='-3700.8645' y='-103.97537'/>
    <point x='-3807.3164' y='-103.97537'/>
    <point x='-3807.3164' y='219.63492'/>
    <point x='-3606.45' y='219.63492'/>
    <point x='-3606.45' y='211.63492'/>
    <point x='-3607.9446' y='198.92468'/>
    <point x='-3607.8164' y='198.92543'/>
    <point x='-3606.1582' y='198.92543'/>
    <point x='-3604.7107' y='2.106738'/>
    <point x='-3604.0417' y='-100.68445'/>
    <point x='-3604.0664' y='-105.12169'/>
    <point x='-3607.8164' y='-103.97537'/>
    <point x='-3608.2693' y='-103.97537'/>
    <point x='-3608.2693' y='-108.1776'/>
  </room>
  <room id='room-5fb8d72b-6965-4709-9365-2e701837d6b4' areaVisible='true' areaXOffset='-4.2785645' areaYOffset='-73.4509' ceilingFlat='true'>
    <texture attribute='floorTexture' name='Grey tiles' creator='eTeks' width='31.5' height='31.5' image='5'/>
    <point x='-3596.4607' y='-104.6875'/>
    <point x='-3596.4854' y='-101.468285'/>
    <point x='-3604.0916' y='-101.468285'/>
    <point x='-3604.0916' y='-10.874548'/>
    <point x='-3597.177' y='-10.874548'/>
    <point x='-3598.9136' y='216.57175'/>
    <point x='-3584.538' y='216.57175'/>
    <point x='-3288.0867' y='235.59766'/>
    <point x='-3318.5' y='-85.38672'/>
  </room>
</home>